{"cameraMode":{"drawMode":0,"name":"Shaded","section":"Shading Mode"},"sceneLighting":false,"audioPlay":false,"sceneViewState":{"showFog":true,"showMaterialUpdate":false,"showSkybox":false,"showFlares":true,"showImageEffects":true,"showParticleSystems":true},"in2DMode":false,"pivot":{"x":9.824199676513672,"y":-1.3817026615142823,"z":-4.499462127685547},"rotation":{"x":0.004746553022414446,"y":-0.9910159707069397,"z":0.12855511903762818,"w":0.03658340498805046},"size":6.596862316131592,"orthographic":true}