{"cameraMode":{"drawMode":0,"name":"Shaded","section":"Shading Mode"},"sceneLighting":false,"audioPlay":false,"sceneViewState":{"showFog":true,"showMaterialUpdate":false,"showSkybox":false,"showFlares":true,"showImageEffects":true,"showParticleSystems":true},"in2DMode":false,"pivot":{"x":2.5778582096099855,"y":-1.3817179203033448,"z":-3.963733673095703},"rotation":{"x":-0.06728165596723557,"y":-0.7767159342765808,"z":0.08421342819929123,"w":-0.6205591559410095},"size":12.94548225402832,"orthographic":true}