{"cameraMode":{"drawMode":0,"name":"Shaded","section":"Shading Mode"},"sceneLighting":false,"audioPlay":false,"sceneViewState":{"showFog":true,"showMaterialUpdate":false,"showSkybox":false,"showFlares":true,"showImageEffects":true,"showParticleSystems":true},"in2DMode":false,"pivot":{"x":4.529572486877441,"y":1.457081913948059,"z":-1.5846108198165894},"rotation":{"x":-0.13699272274971009,"y":-0.7082935571670532,"z":0.14320656657218934,"w":-0.6775287389755249},"size":5.936254978179932,"orthographic":true}