{"cameraMode":{"drawMode":0,"name":"Shaded","section":"Shading Mode"},"sceneLighting":false,"audioPlay":false,"sceneViewState":{"showFog":true,"showMaterialUpdate":false,"showSkybox":false,"showFlares":true,"showImageEffects":true,"showParticleSystems":true},"in2DMode":false,"pivot":{"x":2.360536813735962,"y":2.295058012008667,"z":5.975537300109863},"rotation":{"x":0.04647619649767876,"y":0.01766575686633587,"z":-0.0008182437159121037,"w":0.9987629055976868},"size":5.474883556365967,"orthographic":true}